{
  "1Y": {
    "CAGR": -0.4550714419921549,
    "MaxDD": -0.4554018517076873,
    "Sharpe": -3.7159093075547123,
    "Vol": 0.16089745693305232
  },
  "3Y": {
    "CAGR": -0.49896005191898196,
    "MaxDD": -0.8740645121172079,
    "Sharpe": -4.104749102518565,
    "Vol": 0.16796520489170683
  },
  "5Y": {
    "CAGR": -0.49147488987212307,
    "MaxDD": -0.9672277918654444,
    "Sharpe": -3.673196820402473,
    "Vol": 0.18215563766143328
  },
  "Benchmark_1Y": {
    "CAGR": 0.010219776071999531,
    "MaxDD": -0.157666783037408,
    "Sharpe": 0.14324331827520131,
    "Vol": 0.1317702424389067
  },
  "Benchmark_3Y": {
    "CAGR": 0.11606206047080958,
    "MaxDD": -0.157666783037408,
    "Sharpe": 0.9495576538676171,
    "Vol": 0.12639296987194146
  },
  "Benchmark_5Y": {
    "CAGR": 0.1669275235249459,
    "MaxDD": -0.17229756084670012,
    "Sharpe": 1.1551883568821515,
    "Vol": 0.14499755087916935
  }
}