{
  "Strategy_A_intraday": {
    "1Y": {
      "CAGR": -0.4550714419921549,
      "MaxDD": -0.4554018517076873,
      "Sharpe": -3.715909307554711,
      "Vol": 0.16089745693305232
    },
    "3Y": {
      "CAGR": -0.4989600519189822,
      "MaxDD": -0.874064512117208,
      "Sharpe": -4.104749102518564,
      "Vol": 0.16796520489170685
    },
    "5Y": {
      "CAGR": -0.4914748898721232,
      "MaxDD": -0.9672277918654444,
      "Sharpe": -3.673196820402473,
      "Vol": 0.1821556376614333
    },
    "Benchmark_OC_1Y": {
      "CAGR": -0.07807563491913527,
      "MaxDD": -0.17347704545273057,
      "Sharpe": -0.7211516963544663,
      "Vol": 0.10580634608557145
    },
    "Benchmark_OC_3Y": {
      "CAGR": -0.09280414582428331,
      "MaxDD": -0.340319683671113,
      "Sharpe": -0.8982760339216881,
      "Vol": 0.10448186347245017
    },
    "Benchmark_OC_5Y": {
      "CAGR": -0.11635847089376361,
      "MaxDD": -0.5040844817969092,
      "Sharpe": -1.0128332624667786,
      "Vol": 0.11731129510491706
    }
  },
  "Strategy_B_1d_overnight": {
    "1Y": {
      "CAGR": -0.38354160955414673,
      "MaxDD": -0.3913680897845263,
      "Sharpe": -2.2487999628636297,
      "Vol": 0.20692272210942433
    },
    "3Y": {
      "CAGR": -0.31384223234202613,
      "MaxDD": -0.6853554181956927,
      "Sharpe": -1.8709011323109666,
      "Vol": 0.1948794536330827
    },
    "5Y": {
      "CAGR": -0.2092296124338624,
      "MaxDD": -0.7727046703396381,
      "Sharpe": -1.03768888538625,
      "Vol": 0.20854096727214788
    },
    "Benchmark_CC_1Y": {
      "CAGR": 0.010219776071999531,
      "MaxDD": -0.157666783037408,
      "Sharpe": 0.14324331827520131,
      "Vol": 0.1317702424389067
    },
    "Benchmark_CC_3Y": {
      "CAGR": 0.11606206047080958,
      "MaxDD": -0.157666783037408,
      "Sharpe": 0.9495576538676171,
      "Vol": 0.12639296987194146
    },
    "Benchmark_CC_5Y": {
      "CAGR": 0.1669275235249459,
      "MaxDD": -0.17229756084670012,
      "Sharpe": 1.1551883568821515,
      "Vol": 0.14499755087916935
    }
  },
  "Strategy_C_weekly": {
    "1Y": {
      "CAGR": -0.26053541950048265,
      "MaxDD": -0.2955774316180243,
      "Sharpe": -3.8547751841872966,
      "Vol": 0.3775617525755028
    },
    "3Y": {
      "CAGR": -0.07222109857105175,
      "MaxDD": -0.2955774316180243,
      "Sharpe": -0.8716544151407275,
      "Vol": 0.36389375420364717
    },
    "5Y": {
      "CAGR": -0.06908731986684324,
      "MaxDD": -0.4803370726613285,
      "Sharpe": -0.6981455846314452,
      "Vol": 0.4045505692520288
    },
    "Benchmark_CC_1Y": {
      "CAGR": 0.02783023615288993,
      "MaxDD": -0.157666783037408,
      "Sharpe": 0.27487410908405613,
      "Vol": 0.1324631350096438
    },
    "Benchmark_CC_3Y": {
      "CAGR": 0.12435853198898417,
      "MaxDD": -0.157666783037408,
      "Sharpe": 1.012314465290498,
      "Vol": 0.12646023903711942
    },
    "Benchmark_CC_5Y": {
      "CAGR": 0.17381989187416647,
      "MaxDD": -0.17229756084670012,
      "Sharpe": 1.197957967256421,
      "Vol": 0.14496670185587743
    }
  }
}